sampno,mu,mu_short,tau,wane,sigma1,sigma2,MAX_TITRE,error,alpha,beta,kappa,t_change,boost_limit,gradient,titre_dependent,wane_type,mu_mean,mu_sd,rho_mean,rho_sd,vac_flag,mu_vac,mu_short_vac,wane_vac,tau_vac,sigma1_vac,sigma2_vac,rho_boost,rho_wane,lnlike,likelihood,prior_prob
1,1.20343713881448,0,0.0984985133912414,0,0.184922233386897,0,9,1.34992311138194,1.3,2.7,0.9,6,6,0.2,0,0,2,0.5,0,1,0,0.0574739978183061,1.36977907503024,0.0612897516790933,0,0.875354378134944,0,1,1.30069578788243,-15830.6031834856,-15468.7009388133,-361.902244672297
