sampno,mu,mu_short,tau,wane,sigma1,sigma2,MAX_TITRE,error,alpha,beta,kappa,t_change,boost_limit,gradient,titre_dependent,wane_type,mu_mean,mu_sd,rho_mean,rho_sd,vac_flag,mu_LN,sigma_LN,alpha_LN,sigma1_vac,sigma2_vac,lnlike,likelihood,prior_prob
1,2.8840757147409,0,0.0776022071042098,0,0.143552477355115,0,12,1.46895487001166,1.3,2.7,0.9,6,6,0.2,0,0,2,0.5,0,1,0,9.68997025862336,2.55453234119341,382.850148715079,0.686718103592284,0,-124418.075435472,-123548.462831683,-869.612603789421
