sampno,mu,mu_short,tau,wane,sigma1,sigma2,MAX_TITRE,error,alpha,beta,kappa,t_change,boost_limit,gradient,titre_dependent,wane_type,mu_mean,mu_sd,rho_mean,rho_sd,vac_flag,mu_LN,sigma_LN,alpha_LN,sigma1_vac,sigma2_vac,lnlike,likelihood,prior_prob
1,1.07783753331751,0,0.0197494041570462,0,0.106240331148729,0,12,1.81032452418003,1.3,2.7,0.9,6,6,0.2,0,0,2,0.5,0,1,0,6.68503800057806,2.26856160024181,187.327839341015,0.882206988753751,0,-99495.4444352685,-98632.4545816746,-862.989853593942
