sampno,mu,mu_short,tau,wane,sigma1,sigma2,MAX_TITRE,error,alpha,beta,kappa,t_change,boost_limit,gradient,titre_dependent,wane_type,mu_mean,mu_sd,rho_mean,rho_sd,vac_flag,mu_LN,sigma_LN,alpha_LN,sigma1_vac,sigma2_vac,lnlike,likelihood,prior_prob
1,1.95574164669961,0,0.0744007358560339,0,0.125398851698264,0,12,1.93676268297713,1.3,2.7,0.9,6,6,0.2,0,0,2,0.5,0,1,0,6.71469370368868,3.57562033738941,415.74417585507,1.75923214410432,0,-87659.2137849828,-86717.4825997624,-941.731185220428
