sampno,mu,mu_short,tau,wane,sigma1,sigma2,MAX_TITRE,error,alpha,beta,kappa,t_change,boost_limit,gradient,titre_dependent,wane_type,mu_mean,mu_sd,rho_mean,rho_sd,vac_flag,mu_LN,sigma_LN,alpha_LN,sigma1_vac,sigma2_vac,lnlike,likelihood,prior_prob
1,2.60298420768231,0,0.0723256620555185,0,0.132403787854128,0,12,1.64069977751933,1.3,2.7,0.9,6,6,0.2,0,0,2,0.5,0,1,0,8.53462789207697,3.17313944036141,480.783670488745,1.43624695297331,0,-105023.364328082,-104118.913975989,-904.450352092372
