sampno,mu,mu_short,tau,wane,sigma1,sigma2,MAX_TITRE,error,alpha,beta,kappa,t_change,boost_limit,gradient,titre_dependent,wane_type,mu_mean,mu_sd,rho_mean,rho_sd,vac_flag,mu_LN,sigma_LN,alpha_LN,sigma1_vac,sigma2_vac,lnlike,likelihood,prior_prob
1,2.97310752933845,0,0.043978888024576,0,0.177844999358058,0,12,1.47091305057984,1.3,2.7,0.9,6,6,0.2,0,0,2,0.5,0,1,0,9.87647339235991,2.13294132472947,277.931315079331,1.06745177588891,0,-127368.235059666,-126491.654828607,-876.580231058735
