sampno,mu,mu_short,tau,wane,sigma1,sigma2,MAX_TITRE,error,alpha,beta,kappa,t_change,boost_limit,gradient,titre_dependent,wane_type,mu_mean,mu_sd,rho_mean,rho_sd,vac_flag,mu_LN,sigma_LN,alpha,sigma1_vac,sigma2_vac,lnlike,likelihood,prior_prob
1,1.54456261917949,0,0.0284952232870273,0,0.182952122786082,0,12,1.62974911998026,51.0763295460492,2.7,0.9,6,6,0.2,0,0,2,0.5,0,1,0,5.58157823048532,3.9504135735333,455.65751940012,0.958181540481746,0.0138404169585556,-116817.223871103,-112536.960674123,-4280.26319697952
