sampno,mu,mu_short,tau,wane,sigma1,sigma2,MAX_TITRE,error,alpha,beta,kappa,t_change,boost_limit,gradient,titre_dependent,wane_type,mu_mean,mu_sd,rho_mean,rho_sd,vac_flag,mu_LN,sigma_LN,alpha_LN,sigma1_vac,sigma2_vac,lnlike,likelihood,prior_prob
1,1.96687414869666,0,0.0331808190792799,0,0.171689940546639,0,12,1.57398075202946,1.3,2.7,0.9,6,6,0.2,0,0,2,0.5,0,1,0,7.77938264072873,3.49235815368593,177.682697586715,0.898966975044459,0,-116077.888449038,-115200.675642802,-877.212806236391
