sampno,mu,mu_short,tau,wane,sigma1,sigma2,MAX_TITRE,error,alpha,beta,kappa,t_change,boost_limit,gradient,titre_dependent,wane_type,mu_mean,mu_sd,rho_mean,rho_sd,vac_flag,mu_LN,sigma_LN,alpha_LN,sigma1_vac,sigma2_vac,lnlike,likelihood,prior_prob
1,1.9599949400872,0,0.0999065287667327,0,0.137999094254337,0,12,1.82310626399703,1.3,2.7,0.9,6,6,0.2,0,0,2,0.5,0,1,0,9.48380856425501,3.88428753102198,280.564298760146,0.979892513714731,0,-97062.4918928936,-96190.5872984008,-871.904594492789
