sampno,mu,mu_short,tau,wane,sigma1,sigma2,MAX_TITRE,error,alpha,beta,kappa,t_change,boost_limit,gradient,titre_dependent,wane_type,mu_mean,mu_sd,rho_mean,rho_sd,vac_flag,mu_LN,sigma_LN,alpha_LN,sigma1_vac,sigma2_vac,lnlike,likelihood,prior_prob
1,2.40064847748727,0,0.0940946947829798,0,0.169544194731861,0,12,1.33745414612349,1.3,2.7,0.9,6,6,0.2,0,0,2,0.5,0,1,0,8.04529696237296,3.48803163040429,335.037902742624,0.97151648835279,0,-139439.762078407,-138547.319996122,-892.442082284594
