sampno,mu,mu_short,tau,wane,sigma1,sigma2,MAX_TITRE,error,alpha,beta,kappa,t_change,boost_limit,gradient,titre_dependent,wane_type,mu_mean,mu_sd,rho_mean,rho_sd,vac_flag,mu_vac,mu_short_vac,wane_vac,tau_vac,sigma1_vac,sigma2_vac,rho_boost,rho_wane,lnlike,likelihood,prior_prob
1,1.8819463699519,0,0.0254208051250356,0,0.0751103027597293,0,9,1.14770519558806,1.3,2.7,0.9,6,6,0.2,0,0,2,0.5,0,1,0,0.092145126871225,1.87340750126168,0.084499669210054,0,0.205626750962486,0.0265510396519676,1,1,-12670.5380420399,-12403.4518191618,-267.086222878072
