sampno,mu,mu_short,tau,wane,sigma1,sigma2,MAX_TITRE,error,alpha,beta,kappa,t_change,boost_limit,gradient,titre_dependent,wane_type,mu_mean,mu_sd,rho_mean,rho_sd,vac_flag,mu_vac,mu_short_vac,wane_vac,tau_vac,sigma1_vac,sigma2_vac,rho_boost,rho_wane,lnlike,likelihood,prior_prob
1,1.81159451743588,0,0.0891142466873862,0,0.171121314819902,0,9,1.34439485613257,1.3,2.7,0.9,6,6,0.2,0,0,2,0.5,0,1,0,0.343502546194941,2.70146784838289,0.290601955202874,0,0.804297502618283,0.0241417424706742,1,1,-12418.8518254701,-12145.6747027322,-273.17712273796
