sampno,mu,mu_short,tau,wane,sigma1,sigma2,MAX_TITRE,error,alpha,beta,kappa,t_change,boost_limit,gradient,titre_dependent,wane_type,mu_mean,mu_sd,rho_mean,rho_sd,vac_flag,mu_vac,mu_short_vac,wane_vac,tau_prev_vac,sigma1_vac,sigma2_vac,rho_boost,rho_wane,lnlike,likelihood,prior_prob
1,1.46690137078986,0,0.0611524131102488,0,0.169273044262081,0,9,1.88453823537566,1.3,2.7,0.9,6,6,0.2,0,0,2,0.5,0,1,0,0.465356568805873,0.948683340800926,0.00256617909716442,0,0.0329500021063723,0.098889271619264,1,1,-8446.45174143897,-8176.00128864708,-270.450452791892
