sampno,mu,mu_short,tau,wane,sigma1,sigma2,MAX_TITRE,error,alpha,beta,kappa,t_change,boost_limit,gradient,titre_dependent,wane_type,mu_mean,mu_sd,rho_mean,rho_sd,vac_flag,mu_vac,mu_short_vac,wane_vac,tau_vac,sigma1_vac,sigma2_vac,rho_boost,rho_wane,lnlike,likelihood,prior_prob
1,1.68947116052732,0,0.0530303116375581,0,0.104047955176793,0,9,1.79812640929595,1.3,2.7,0.9,6,6,0.2,0,0,2,0.5,0,1,0,0.211508257314563,1.58110615797341,0.140673901575307,0,0.608272524899803,0.0882244483008981,1,1,-10014.8473099034,-9742.11872798227,-272.728581921098
