sampno,mu,mu_short,tau,wane,sigma1,sigma2,MAX_TITRE,error,alpha,beta,kappa,t_change,boost_limit,gradient,titre_dependent,wane_type,mu_mean,mu_sd,rho_mean,rho_sd,vac_flag,mu_vac,mu_short_vac,wane_vac,tau_prev_vac,sigma1_vac,sigma2_vac,rho_boost,rho_wane,lnlike,likelihood,prior_prob
1,1.00572997936979,0,0.0596049305982888,0,0.107857350772247,0,9,1.17766027420294,1.3,2.7,0.9,6,6,0.2,0,0,2,0.5,0,1,0,0.876450416399166,0.803420584416017,0.00383249209006317,0,0.0806013758387417,0.0537912272824906,1,1,-14971.6139377199,-14719.6948342674,-251.919103452541
