sampno,mu,mu_short,tau,wane,sigma1,sigma2,MAX_TITRE,error,alpha,beta,kappa,t_change,boost_limit,gradient,titre_dependent,wane_type,mu_mean,mu_sd,rho_mean,rho_sd,vac_flag,mu_vac,mu_short_vac,wane_vac,tau_vac,sigma1_vac,sigma2_vac,rho_boost,rho_wane,lnlike,likelihood,prior_prob
1,1.36087309150025,0,0.0251068592560478,0,0.109471973194741,0,9,1.48140131868422,1.3,2.7,0.9,6,6,0.2,0,0,2,0.5,0,1,0,0.517638102406636,2.28608298813924,0.139420954103116,0,1.67157402366865,0.0156852929154411,1,1,-10515.7625107858,-10226.7418087758,-289.020702009949
