sampno,mu,mu_short,tau,wane,sigma1,sigma2,MAX_TITRE,error,alpha,beta,kappa,t_change,boost_limit,gradient,titre_dependent,wane_type,mu_mean,mu_sd,rho_mean,rho_sd,vac_flag,mu_vac,mu_short_vac,wane_vac,tau_vac,sigma1_vac,sigma2_vac,rho_boost,rho_wane,lnlike,likelihood,prior_prob
1,2.07815744605028,0,0.0281189727162022,0,0.0800836459260527,0,9,1.97016652603634,1.3,2.7,0.9,6,6,0.2,0,0,2,0.5,0,1,0,0.0919553708307586,1.2581557915546,0.0569820257276297,0,0.189618252263548,0.0404892132082023,1,1,-8429.43922444663,-8152.18463936633,-277.254585080309
