sampno,mu,mu_short,tau,wane,sigma1,sigma2,MAX_TITRE,error,alpha,beta,kappa,t_change,boost_limit,gradient,titre_dependent,wane_type,mu_mean,mu_sd,rho_mean,rho_sd,vac_flag,mu_vac,mu_short_vac,wane_vac,tau_vac,sigma1_vac,sigma2_vac,rho_boost,rho_wane,lnlike,likelihood,prior_prob
1,1.99884605049367,0,0.0355395636822013,0,0.0820974959801239,0,9,1.29424301884137,1.3,2.7,0.9,6,6,0.2,0,0,2,0.5,0,1,0,0.0604758551187903,2.37989961216226,0.0496772130182944,0,0.402771394308188,0.0444295068923384,1,1,-14115.109747595,-13856.7652339808,-258.344513614174
