sampno,mu,mu_short,tau,wane,sigma1,sigma2,MAX_TITRE,error,alpha,beta,kappa,t_change,boost_limit,gradient,titre_dependent,wane_type,mu_mean,mu_sd,rho_mean,rho_sd,vac_flag,mu_vac,mu_short_vac,wane_vac,tau_prev_vac,sigma1_vac,sigma2_vac,rho_boost,rho_wane,lnlike,likelihood,prior_prob
1,2.87582073034719,0,0.0274669099063613,0,0.149264383083209,0,9,1.20065149269067,1.3,2.7,0.9,6,6,0.2,0,0,2,0.5,0,1,0,0.113211683463305,0.767038886668161,0.0093148249797523,0,0.0669362839544192,0.0136626727925614,1,1,-10262.8641693717,-10003.6937078936,-259.170461478144
