sampno,mu,mu_short,tau,wane,sigma1,sigma2,MAX_TITRE,error,alpha,beta,kappa,t_change,boost_limit,gradient,titre_dependent,wane_type,mu_mean,mu_sd,rho_mean,rho_sd,vac_flag,mu_vac,mu_short_vac,wane_vac,tau_vac,sigma1_vac,sigma2_vac,rho_boost,rho_wane,lnlike,likelihood,prior_prob
1,2.28661983270974,0,0.00550022606834221,0,0.0826905045429288,0,9,1.87750568205956,1.3,2.7,0.9,6,6,0.2,0,0,2,0.5,0,1,0,0.0677125328319223,1.39691761415452,0.0873093682923354,0,0.745826962825533,0.0768002468510531,1,1,-10712.2580056924,-10483.1841157593,-229.073889933116
