sampno,mu,mu_short,tau,wane,sigma1,sigma2,MAX_TITRE,error,alpha,beta,kappa,t_change,boost_limit,gradient,titre_dependent,wane_type,mu_mean,mu_sd,rho_mean,rho_sd,vac_flag,mu_vac,mu_short_vac,wane_vac,tau_vac,sigma1_vac,sigma2_vac,rho_boost,rho_wane,lnlike,likelihood,prior_prob
1,2.63346612406895,0,0.0965839854534715,0,0.144173756754026,0,12,1.68979502562433,1.3,2.7,0.9,6,6,0.2,0,0,2,0.5,0,1,0,0.837677089497447,2.77429940877482,0.0254595974599047,0,0.698701375629753,0.0433395943185315,1,1,-58108.1904519884,-57458.6143870897,-649.576064898766
