sampno,mu,mu_short,tau,wane,sigma1,sigma2,MAX_TITRE,error,alpha,beta,kappa,t_change,boost_limit,gradient,titre_dependent,wane_type,mu_mean,mu_sd,rho_mean,rho_sd,vac_flag,mu_vac,mu_short_vac,wane_vac,tau_vac,sigma1_vac,sigma2_vac,rho_boost,rho_wane,lnlike,likelihood,prior_prob
1,2.02130595827475,0,0.0399596071615815,0,0.185950114182197,0,12,1.55731378460769,1.3,2.7,0.9,6,6,0.2,0,0,2,0.5,0,1,0,0.640909446170554,1.97566884756088,0.0648847607510666,0,1.12928725662641,0.0542969459318556,1,1,-107307.95984244,-106631.53247096,-676.427371480149
