sampno,mu,mu_short,tau,wane,sigma1,sigma2,MAX_TITRE,error,alpha,beta,kappa,t_change,boost_limit,gradient,titre_dependent,wane_type,mu_mean,mu_sd,rho_mean,rho_sd,vac_flag,mu_vac,mu_short_vac,wane_vac,tau_vac,sigma1_vac,sigma2_vac,rho_boost,rho_wane,lnlike,likelihood,prior_prob
1,2.91447142791003,0,0.0461302930512466,0,0.115095100994222,0,12,1.83187138743233,1.3,2.7,0.9,6,6,0.2,0,0,2,0.5,0,1,0,0.658397930208594,2.90393406059593,0.0629868351155892,0,1.57904500188306,0.0125577365164645,1,1,-39157.7544466876,-38497.5011234997,-660.253323187878
