sampno,mu,mu_short,tau,wane,sigma1,sigma2,MAX_TITRE,error,alpha,beta,kappa,t_change,boost_limit,gradient,titre_dependent,wane_type,mu_mean,mu_sd,rho_mean,rho_sd,vac_flag,mu_vac,mu_short_vac,wane_vac,tau_vac,sigma1_vac,sigma2_vac,rho_boost,rho_wane,lnlike,likelihood,prior_prob
1,2.7319341567345,0,0.0976861156150699,0,0.12827429168392,0,12,1.5459746614797,1.3,2.7,0.9,6,6,0.2,0,0,2,0.5,0,1,0,0.158005914650857,2.63923940155655,0.0314166388796786,0,1.21683210472111,0.0752742859651335,1,1,-107207.364074342,-106542.870804088,-664.493270254447
