sampno,mu,mu_short,tau,wane,sigma1,sigma2,MAX_TITRE,error,alpha,beta,kappa,t_change,boost_limit,gradient,titre_dependent,wane_type,mu_mean,mu_sd,rho_mean,rho_sd,vac_flag,mu_vac,mu_short_vac,wane_vac,tau_vac,sigma1_vac,sigma2_vac,rho_boost,rho_wane,lnlike,likelihood,prior_prob
1,2.2650690949522,0,0.0144048683159053,0,0.113320176489651,0,12,1.84504229552113,1.3,2.7,0.9,6,6,0.2,0,0,2,0.5,0,1,0,0.616018222644925,2.77956273360178,0.0545041435398162,0,0.944001707597636,0.0204441448440775,1,1,-39340.6681434186,-38638.0301030056,-702.63804041293
