sampno,mu,mu_short,tau,wane,sigma1,sigma2,MAX_TITRE,error,alpha,beta,kappa,t_change,boost_limit,gradient,titre_dependent,wane_type,mu_mean,mu_sd,rho_mean,rho_sd,vac_flag,mu_vac,mu_short_vac,wane_vac,tau_vac,sigma1_vac,sigma2_vac,rho_boost,rho_wane,lnlike,likelihood,prior_prob
1,2.95783612411469,0,0.0705907365097664,0,0.197555509232916,0,12,1.62800948636141,1.3,2.7,0.9,6,6,0.2,0,0,2,0.5,0,1,0,0.227912608999759,1.27947632037103,0.090414957148023,0,1.05536504811607,0.0775559666589834,1,1,-56205.0797273468,-55503.9223644836,-701.157362863196
