sampno,mu,mu_short,tau,wane,sigma1,sigma2,MAX_TITRE,error,alpha,beta,kappa,t_change,boost_limit,gradient,titre_dependent,wane_type,mu_mean,mu_sd,rho_mean,rho_sd,vac_flag,mu_vac,mu_short_vac,wane_vac,tau_vac,sigma1_vac,sigma2_vac,rho_boost,rho_wane,lnlike,likelihood,prior_prob
1,1.49186676321551,0,0.0597151418123394,0,0.17053510339465,0,12,1.47246098169126,1.3,2.7,0.9,6,6,0.2,0,0,2,0.5,0,1,0,0.738645401084796,2.75962256547064,0.077331856669088,0,1.98479606269393,0.0168694601790048,1,1,-72761.7091437741,-72137.666386949,-624.042756825098
