sampno,mu,mu_short,tau,wane,sigma1,sigma2,MAX_TITRE,error,alpha,beta,kappa,t_change,boost_limit,gradient,titre_dependent,wane_type,mu_mean,mu_sd,rho_mean,rho_sd,vac_flag,mu_vac,mu_short_vac,wane_vac,tau_vac,sigma1_vac,sigma2_vac,rho_boost,rho_wane,lnlike,likelihood,prior_prob
1,1.67975726304576,0,0.053858247010503,0,0.158018368924968,0,12,1.51049484626856,1.3,2.7,0.9,6,6,0.2,0,0,2,0.5,0,1,0,0.175365256378427,1.46906634839252,0.0481685983762145,0,1.01422306976747,0.0765118351601996,1,1,-63137.0422752982,-62476.2627340488,-660.779541249396
