sampno,mu,mu_short,tau,wane,sigma1,sigma2,MAX_TITRE,error,alpha,beta,kappa,t_change,boost_limit,gradient,titre_dependent,wane_type,mu_mean,mu_sd,rho_mean,rho_sd,vac_flag,mu_vac,mu_short_vac,wane_vac,tau_vac,sigma1_vac,sigma2_vac,rho_boost,rho_wane,lnlike,likelihood,prior_prob
1,1.6897998326458,0,0.0404154606536031,0,0.192977134999819,0,12,1.3125166479731,1.3,2.7,0.9,6,6,0.2,0,0,2,0.5,0,1,0,0.0891233454458416,2.24331254605204,0.0499453270395931,0,1.41372542106546,0.0421261425712146,1,1,-129269.573052328,-128611.680498769,-657.892553558506
