sampno,mu,mu_short,tau,wane,sigma1,sigma2,MAX_TITRE,error,alpha,beta,kappa,t_change,boost_limit,gradient,titre_dependent,wane_type,mu_mean,mu_sd,rho_mean,rho_sd,vac_flag,mu_vac,mu_short_vac,wane_vac,tau_vac,sigma1_vac,sigma2_vac,rho_boost,rho_wane,lnlike,likelihood,prior_prob
1,2.10736221587285,0,0.0400333404587582,0,0.172334971907549,0,12,1.33934997022152,1.3,2.7,0.9,6,6,0.2,0,0,2,0.5,0,1,0,0.426250317832455,2.77932598907501,0.0231668148650967,0,0.955823771189898,0.048311585241463,1,1,-85745.3768340076,-85071.6378250526,-673.739008954947
