sampno,mu,mu_short,tau,wane,sigma1,sigma2,MAX_TITRE,error,alpha,beta,kappa,t_change,boost_limit,gradient,titre_dependent,wane_type,mu_mean,mu_sd,rho_mean,rho_sd,vac_flag,mu_vac,mu_short_vac,wane_vac,tau_vac,sigma1_vac,sigma2_vac,rho_boost,rho_wane,lnlike,likelihood,prior_prob
1,1.24803966516629,0,0.0408792312513106,0,0.110000914451666,0,12,1.87898105278146,1.3,2.7,0.9,6,6,0.2,0,0,2,0.5,0,1,0,0.52000764454715,2.03897234750912,0.0613545542533617,0,1.82250895455945,0.0452403023000807,1,1,-61560.6856789842,-60817.6557401779,-743.029938806364
